loudness,mode,tempo,duration_ms,genre_num
-12.856,0.0,106.106,391918.0,9.0
-11.32,1.0,126.972,369503.0,2.0
-7.794,1.0,76.846,236649.0,6.0
-5.998,1.0,126.993,179288.0,3.0
-4.905,0.0,127.993,189760.0,2.0
-7.465,0.0,149.894,263400.0,6.0
-4.95,1.0,134.008,250480.0,6.0
-9.033,1.0,126.089,226719.0,5.0
-19.136,1.0,132.793,107832.0,9.0
-8.545,1.0,144.088,201183.0,5.0
-5.019,0.0,87.01,222096.0,1.0
-8.056,1.0,124.882,319707.0,6.0
-7.033,1.0,177.143,246800.0,6.0
-7.128,0.0,94.994,121269.0,0.0
-8.481,1.0,133.203,288349.0,2.0
-9.658,1.0,177.98,204453.0,6.0
-6.951,0.0,78.027,192000.0,1.0
-8.67,1.0,77.512,207000.0,5.0
-3.142,0.0,123.055,258827.0,7.0
-4.269,1.0,204.93,177693.0,4.0
-4.212,0.0,81.955,237905.0,5.0
-5.909,1.0,108.039,146855.0,7.0
-8.415,1.0,86.97,191406.0,7.0
-10.42,1.0,90.885,249821.0,5.0
-8.767,1.0,131.0,218603.0,6.0
-6.907,1.0,97.981,193320.0,3.0
-7.327,1.0,170.814,194853.0,8.0
-7.913,1.0,115.018,287467.0,9.0
-7.548,0.0,82.258,180067.0,5.0
-6.824,1.0,127.027,213572.0,2.0
-5.33,1.0,112.188,194307.0,3.0
-3.598,1.0,108.017,208173.0,4.0
-7.936,1.0,128.003,176792.0,2.0
-5.954,0.0,153.426,202120.0,0.0
-6.644,1.0,148.014,212869.0,7.0
-4.563,1.0,79.805,169440.0,3.0
-5.564,1.0,92.341,197595.0,0.0
-10.714,0.0,136.191,174133.0,1.0
-7.501,1.0,156.051,201168.0,5.0
-4.639,1.0,161.989,203037.0,3.0
-4.954,1.0,170.02,272267.0,8.0
-7.043,1.0,155.986,221129.0,9.0
-9.85,1.0,87.127,289787.0,4.0
-13.101,1.0,101.983,181812.0,0.0
-9.764,1.0,118.381,216627.0,4.0
-4.907,1.0,170.411,278747.0,8.0
-4.934,1.0,121.924,179539.0,4.0
-6.803,0.0,76.546,258680.0,4.0
-4.622,1.0,131.986,293840.0,0.0
-8.931,1.0,134.001,206013.0,6.0
-16.778,1.0,99.981,225600.0,9.0
-7.838,1.0,117.418,558933.0,8.0
-4.029,0.0,133.986,154030.0,2.0
-7.064,1.0,119.93,269560.0,7.0
-11.23,0.0,100.086,289508.0,4.0
-4.937,1.0,96.012,240733.0,6.0
-6.135,1.0,106.998,173948.0,7.0
-8.934,0.0,119.941,146000.0,1.0
-10.33,1.0,145.359,164893.0,4.0
-7.917,1.0,102.048,231929.0,9.0
-14.467,1.0,100.607,508468.0,9.0
-8.364,1.0,132.045,173760.0,1.0
-4.865,1.0,160.087,224213.0,3.0
-11.648,0.0,138.582,495104.0,9.0
-2.528,1.0,129.035,145174.0,2.0
-10.875,1.0,155.587,355304.0,8.0
-5.239,0.0,105.06,202825.0,1.0
-2.947,0.0,81.99,210920.0,5.0
-6.045,1.0,88.506,184893.0,0.0
-7.83,0.0,134.951,199111.0,1.0
-9.25,1.0,100.065,266987.0,5.0
-8.254,0.0,100.186,235522.0,4.0
-7.786,1.0,126.008,247615.0,2.0
-12.778,1.0,92.726,191227.0,8.0
-7.325,1.0,148.217,350400.0,8.0
-6.19,0.0,119.969,259880.0,5.0
-7.304,0.0,133.264,447003.0,9.0
-6.761,1.0,139.631,278719.0,7.0
-1.939,1.0,126.004,203637.0,3.0
-5.728,1.0,77.989,207560.0,5.0
-5.048,1.0,118.008,234695.0,6.0
-7.674,1.0,77.0,191416.0,5.0
-6.757,1.0,160.333,225533.0,0.0
-10.283,1.0,203.006,281160.0,8.0
-5.611,1.0,89.032,231676.0,5.0
-5.72,1.0,140.016,192606.0,0.0
-10.275,0.0,112.214,183133.0,4.0
-7.513,1.0,135.177,239880.0,6.0
-18.969,1.0,79.112,562400.0,9.0
-13.078,0.0,95.029,137842.0,0.0
-4.563,0.0,129.899,184392.0,8.0
-7.704,1.0,103.949,205385.0,1.0
-9.889,1.0,100.024,427536.0,9.0
-4.524,0.0,114.948,209136.0,1.0
-8.49,0.0,124.009,377360.0,4.0
-15.57,0.0,100.658,274404.0,9.0
-4.067,1.0,123.997,227118.0,6.0
-5.927,0.0,132.008,251523.0,2.0
-10.219,0.0,75.208,209400.0,7.0
-4.849,0.0,123.845,238587.0,8.0
-7.619,1.0,143.551,344973.0,3.0
-14.671,0.0,115.022,228680.0,5.0
-4.996,0.0,133.937,276214.0,1.0
-5.731,1.0,86.016,196747.0,7.0
-7.974,0.0,131.974,357904.0,2.0
-6.413,1.0,105.006,185240.0,6.0
-9.147,0.0,78.513,220152.0,1.0
-5.707,0.0,100.01,198133.0,0.0
-6.252,0.0,132.004,207273.0,2.0
-7.036,1.0,159.877,183938.0,7.0
-9.484,1.0,147.125,391376.0,8.0
-8.227,0.0,75.016,220307.0,0.0
-10.842,1.0,149.152,138939.0,6.0
-8.735,1.0,90.737,200586.0,3.0
-4.512,0.0,110.028,284799.0,4.0
-5.048,1.0,117.384,272501.0,0.0
-9.307,1.0,127.224,225627.0,8.0
-4.314,1.0,76.805,198772.0,5.0
-23.61,1.0,179.205,144000.0,4.0
-13.496,1.0,84.581,264307.0,8.0
-4.157,0.0,140.002,305400.0,0.0
-7.936,0.0,89.974,233533.0,6.0
-3.825,1.0,159.579,195121.0,8.0
-2.677,0.0,125.992,208254.0,2.0
-11.556,0.0,80.984,192685.0,1.0
-6.749,1.0,131.734,174636.0,1.0
-5.895,1.0,97.0,93096.0,0.0
-3.852,0.0,100.012,182227.0,1.0
-4.042,1.0,118.009,145840.0,2.0
-5.782,1.0,127.057,157428.0,2.0
-7.878,1.0,123.931,216015.0,7.0
-3.304,1.0,123.28,240440.0,7.0
-5.884,1.0,121.001,209227.0,7.0
-11.603,1.0,118.066,517400.0,4.0
-13.328,0.0,117.005,167267.0,4.0
-8.087,1.0,50.827,217352.0,7.0
-9.071,1.0,142.009,297724.0,3.0
-5.802,0.0,96.967,260093.0,4.0
-4.025,1.0,135.997,235293.0,8.0
-4.848,0.0,157.905,197781.0,4.0
-4.689,1.0,128.977,223480.0,7.0
-9.494,1.0,84.552,236625.0,9.0
-7.406,1.0,170.087,169159.0,5.0
-14.319,0.0,106.038,330384.0,9.0
-18.288,0.0,83.521,370880.0,9.0
-7.807,1.0,179.995,191187.0,3.0
-8.889,1.0,118.655,179693.0,4.0
-8.66,0.0,91.285,539895.0,9.0
-5.495,0.0,127.026,195118.0,2.0
-4.189,1.0,203.803,170560.0,3.0
-3.909,1.0,126.77,159715.0,0.0
-7.628,1.0,108.18,286765.0,2.0
-5.23,1.0,122.982,280573.0,6.0
-5.707,1.0,155.973,216764.0,3.0
-5.727,0.0,75.021,134267.0,8.0
-3.771,1.0,159.922,207141.0,8.0
-3.773,1.0,148.044,169655.0,8.0
-6.532,0.0,125.984,218500.0,2.0
-14.644,1.0,141.473,202520.0,1.0
-6.17,1.0,151.106,204693.0,3.0
-7.643,1.0,145.974,224731.0,3.0
-5.574,1.0,89.911,158040.0,7.0
-5.578,0.0,85.42,194821.0,1.0
-9.479,0.0,117.813,202633.0,9.0
-8.199,0.0,102.014,151765.0,7.0
-7.487,1.0,126.53,191453.0,6.0
-6.721,0.0,140.017,246827.0,4.0
-5.789,1.0,76.023,216004.0,6.0
-9.544,1.0,59.31,280535.0,9.0
-7.847,0.0,90.018,228199.0,9.0
-4.595,0.0,139.885,204317.0,1.0
-4.966,1.0,138.034,231832.0,3.0
-7.877,0.0,128.182,295080.0,9.0
-4.914,1.0,132.104,161120.0,6.0
-4.552,0.0,114.983,178781.0,7.0
-13.635,1.0,137.634,362400.0,4.0
-8.728,1.0,63.981,181823.0,1.0
-2.518,0.0,94.005,149866.0,0.0
-5.325,0.0,124.015,240040.0,7.0
-6.103,1.0,113.957,231570.0,1.0
-3.896,1.0,150.211,184360.0,4.0
-11.569,1.0,120.926,206960.0,3.0
-13.741,1.0,176.941,288733.0,8.0
-6.47,0.0,116.142,132541.0,1.0
-3.58,1.0,103.783,188067.0,8.0
-14.567,1.0,68.871,227435.0,4.0
-5.967,0.0,116.602,224152.0,4.0
-4.837,0.0,166.349,279742.0,5.0
-9.832,0.0,131.987,357036.0,2.0
-5.24,1.0,93.297,142840.0,3.0
-4.836,1.0,172.064,189793.0,2.0
-7.241,1.0,89.992,253375.0,1.0
-6.915,0.0,129.981,238154.0,1.0
-5.621,0.0,194.746,173549.0,1.0
-11.399,1.0,110.932,252133.0,4.0
-4.955,0.0,138.562,238573.0,4.0
-13.091,1.0,86.43,191053.0,5.0
-10.93,1.0,144.993,197305.0,6.0
-11.555,0.0,105.041,203245.0,9.0
-5.257,0.0,139.863,208907.0,7.0
-4.753,0.0,82.001,191481.0,5.0
-4.935,0.0,80.082,351947.0,0.0
-11.964,1.0,150.01,258427.0,0.0
-7.61,0.0,91.541,180617.0,3.0
-11.259,1.0,84.149,266453.0,9.0
-5.011,1.0,123.994,221885.0,2.0
-5.827,0.0,68.816,243307.0,5.0
-7.228,1.0,152.337,199413.0,6.0
-11.482,1.0,90.546,182827.0,4.0
-4.608,1.0,108.078,205120.0,3.0
-12.121,0.0,66.964,197747.0,1.0
-7.258,1.0,123.746,214239.0,3.0
-12.809,0.0,150.067,310800.0,5.0
-6.73,0.0,109.076,268400.0,0.0
-8.505,1.0,132.06,173760.0,1.0
-5.13,1.0,84.722,433307.0,4.0
-8.725,1.0,67.591,232453.0,4.0
-10.844,0.0,148.083,175820.0,0.0
-5.187,1.0,109.997,164442.0,7.0
-9.051,1.0,160.0,286427.0,7.0
-4.813,1.0,129.003,228879.0,7.0
-4.556,1.0,116.761,301920.0,8.0
-6.851,1.0,84.959,213526.0,6.0
-5.357,1.0,172.916,253253.0,6.0
-3.282,0.0,174.066,156724.0,2.0
-6.905,1.0,173.972,191376.0,1.0
-4.155,1.0,75.615,226397.0,0.0
-4.629,1.0,122.065,203548.0,6.0
-8.433,0.0,153.075,153800.0,0.0
-6.638,0.0,150.011,177000.0,0.0
-9.632,1.0,123.005,226098.0,2.0
-7.577,1.0,160.616,147800.0,5.0
-8.089,1.0,115.152,250400.0,8.0
-12.045,1.0,121.683,192627.0,3.0
-3.378,1.0,170.186,197833.0,5.0
-5.481,0.0,77.985,252125.0,5.0
-7.464,1.0,117.138,222920.0,6.0
-5.769,0.0,95.59,216733.0,8.0
-6.156,1.0,123.011,270120.0,6.0
-6.179,0.0,127.983,207295.0,1.0
-7.904,0.0,119.949,216853.0,4.0
-3.731,0.0,190.097,186107.0,7.0
-11.938,1.0,108.009,330109.0,9.0
-8.191,1.0,123.915,209200.0,7.0
-7.039,1.0,155.068,258059.0,6.0
-7.403,0.0,119.972,182250.0,2.0
-6.196,1.0,85.784,203964.0,3.0
-6.467,1.0,83.141,256638.0,5.0
-4.858,1.0,113.39,158293.0,8.0
-7.191,0.0,76.022,232160.0,5.0
-10.296,1.0,142.078,189322.0,0.0
-10.771,1.0,159.054,218693.0,5.0
-6.301,0.0,124.928,171985.0,2.0
-5.792,0.0,80.816,236679.0,6.0
-12.062,1.0,135.68,218400.0,8.0
-4.811,0.0,126.036,163832.0,2.0
-8.933,0.0,151.908,269216.0,9.0
-10.577,0.0,92.013,219479.0,5.0
-6.488,1.0,175.334,181493.0,6.0
-7.619,1.0,124.832,203078.0,5.0
-5.243,1.0,125.886,186847.0,8.0
-4.478,0.0,154.904,148630.0,0.0
-4.199,1.0,146.347,269920.0,8.0
-5.477,1.0,75.367,279373.0,7.0
-9.603,0.0,72.5,152280.0,7.0
-9.671,1.0,115.414,205093.0,0.0
-6.137,0.0,141.97,219053.0,3.0
-9.015,1.0,73.668,393846.0,1.0
-3.152,1.0,166.072,234650.0,0.0
-4.596,1.0,87.181,228853.0,5.0
-9.943,1.0,77.298,190956.0,6.0
-6.725,0.0,178.781,137704.0,7.0
-12.671,1.0,94.329,341120.0,9.0
-5.672,1.0,81.001,236038.0,4.0
-6.705,1.0,119.602,179387.0,8.0
-6.234,1.0,181.783,203347.0,3.0
-8.853,0.0,82.651,205714.0,5.0
-3.622,0.0,178.98,282653.0,8.0
-4.67,0.0,124.965,205466.0,2.0
-14.115,0.0,112.303,295136.0,9.0
-4.366,0.0,74.742,249067.0,5.0
-8.495,0.0,126.006,186667.0,2.0
-7.421,1.0,91.622,198924.0,5.0
-6.183,1.0,127.67,303587.0,8.0
-8.662,1.0,61.674,203480.0,3.0
-7.323,0.0,162.991,181812.0,0.0
-14.107,1.0,111.773,344677.0,9.0
-5.428,1.0,103.059,157213.0,3.0
-8.556,0.0,99.381,154800.0,1.0
-6.67,1.0,146.031,111971.0,0.0
-4.198,1.0,123.911,190800.0,7.0
-4.597,0.0,81.96,259638.0,5.0
-3.758,0.0,122.872,169756.0,2.0
-7.64,1.0,144.368,370427.0,8.0
-5.44,1.0,82.079,226374.0,1.0
-5.589,1.0,88.875,217480.0,7.0
-7.992,1.0,143.216,193520.0,5.0
-4.561,1.0,134.98,241093.0,8.0
-2.71,1.0,114.977,358983.0,2.0
-3.906,1.0,141.844,202147.0,6.0
-4.492,1.0,80.048,171000.0,3.0
-9.125,0.0,146.033,222022.0,1.0
-3.983,1.0,167.777,219642.0,4.0
-9.153,1.0,142.993,209493.0,6.0
-8.966,1.0,121.458,208360.0,5.0
-6.462,0.0,159.966,325183.0,2.0
-5.509,1.0,127.361,210173.0,8.0
-16.981,1.0,82.232,399173.0,4.0
-9.267,1.0,142.657,163467.0,8.0
-7.721,1.0,120.044,261001.0,8.0
-8.376,0.0,105.976,280131.0,8.0
-3.829,1.0,174.042,214123.0,5.0
-5.051,0.0,145.048,149123.0,1.0
-3.017,1.0,126.019,232133.0,2.0
-5.24,0.0,196.0,178520.0,3.0
-7.552,1.0,141.971,169067.0,6.0
-8.414,1.0,123.294,169878.0,1.0
-10.815,1.0,109.793,220976.0,3.0
-8.113,1.0,121.71,227373.0,6.0
-4.341,1.0,121.897,234187.0,7.0
-4.209,1.0,95.39,174000.0,7.0
-4.914,1.0,89.996,227667.0,5.0
-8.943,0.0,108.502,169200.0,5.0
-11.053,1.0,85.128,210467.0,5.0
-9.359,1.0,77.218,259293.0,4.0
-6.039,0.0,90.213,151415.0,7.0
-4.626,1.0,185.647,198467.0,3.0
-10.221,0.0,117.416,296666.0,9.0
-7.613,1.0,130.027,248925.0,6.0
-12.172,0.0,120.483,373517.0,9.0
-5.356,1.0,82.985,193800.0,0.0
-7.368,1.0,136.991,234693.0,4.0
-8.34,1.0,121.003,180380.0,2.0
-5.365,1.0,155.959,244160.0,6.0
-5.91,1.0,145.947,186719.0,3.0
-8.111,0.0,125.023,172197.0,2.0
-15.469,1.0,134.604,442000.0,9.0
-10.607,0.0,174.11,289560.0,4.0
-8.225,1.0,122.681,223440.0,6.0
-9.591,1.0,78.967,243280.0,9.0
-4.211,1.0,159.897,185856.0,0.0
-7.519,0.0,74.968,244139.0,1.0
-10.862,1.0,137.95,324653.0,5.0
-5.339,1.0,132.005,182507.0,7.0
-6.445,1.0,109.966,215493.0,6.0
-5.856,1.0,89.837,141600.0,8.0
-6.997,1.0,198.16,151867.0,5.0
-15.704,0.0,111.799,421600.0,9.0
-7.213,1.0,137.012,228040.0,6.0
-5.379,1.0,109.021,220734.0,7.0
-17.12,0.0,123.459,312874.0,2.0
-7.042,1.0,90.034,255653.0,0.0
-3.791,1.0,175.957,245387.0,0.0
-5.292,1.0,125.601,290533.0,3.0
-4.365,1.0,152.403,209315.0,0.0
-8.128,0.0,118.65,270773.0,8.0
-5.387,0.0,93.418,248511.0,4.0
-14.326,0.0,147.318,400572.0,9.0
-3.857,0.0,127.688,182739.0,1.0
-6.892,0.0,84.974,169238.0,7.0
-5.978,0.0,147.356,256000.0,0.0
-7.647,1.0,109.898,208067.0,3.0
-7.41,0.0,79.955,134627.0,1.0
-5.238,1.0,93.579,196800.0,8.0
-12.666,0.0,124.544,229000.0,9.0
-6.022,1.0,120.008,347213.0,6.0
-7.399,0.0,80.018,219040.0,5.0
-4.583,0.0,110.962,237893.0,7.0
-9.889,1.0,118.568,253573.0,6.0
-5.68,1.0,144.006,188967.0,0.0
-4.001,1.0,137.571,296200.0,8.0
-13.259,1.0,71.055,329160.0,9.0
-5.884,1.0,144.841,225103.0,5.0
-5.727,0.0,86.12,368702.0,4.0
-5.792,1.0,82.028,205629.0,5.0
-5.946,1.0,153.915,197200.0,8.0
-11.493,1.0,200.226,231749.0,3.0
-4.547,0.0,189.891,208733.0,0.0
-4.788,0.0,94.988,246816.0,4.0
-6.667,0.0,108.643,230722.0,1.0
-5.519,0.0,90.019,247385.0,9.0
-8.056,1.0,161.625,189906.0,1.0
-8.118,0.0,132.015,203372.0,2.0
-7.68,1.0,74.008,177366.0,6.0
-6.91,1.0,80.116,174440.0,1.0
-4.613,0.0,126.47,352906.0,8.0
-8.421,1.0,139.226,183372.0,3.0
-9.101,0.0,108.023,262467.0,1.0
-9.309,0.0,81.737,198921.0,1.0
-15.474,1.0,125.932,200000.0,1.0
-3.289,1.0,172.124,147410.0,7.0
-4.26,0.0,125.003,189120.0,2.0
-6.157,0.0,76.914,139344.0,4.0
-5.778,1.0,79.97,121375.0,9.0
-4.427,1.0,132.003,244798.0,3.0
-12.621,1.0,120.055,266756.0,6.0
-5.192,0.0,135.018,304607.0,0.0
-3.534,1.0,145.009,197738.0,6.0
-8.541,1.0,104.085,224867.0,7.0
-7.757,1.0,124.946,208000.0,5.0
-10.099,1.0,116.544,197987.0,5.0
-5.035,1.0,124.989,172431.0,2.0
-11.081,1.0,78.036,265843.0,3.0
-10.114,1.0,139.999,300800.0,6.0
-8.065,1.0,82.952,189425.0,6.0
-5.314,1.0,127.079,343150.0,0.0
-4.284,1.0,124.998,146513.0,2.0
-6.013,0.0,173.984,296379.0,2.0
-4.569,0.0,107.059,234693.0,0.0
-4.336,1.0,128.966,134116.0,0.0
-5.404,0.0,175.978,152214.0,7.0
-7.579,0.0,88.142,175952.0,5.0
-11.739,0.0,139.12,224000.0,6.0
-12.101,1.0,99.83,163373.0,4.0
-7.636,1.0,100.045,214200.0,9.0
-11.182,1.0,71.265,288000.0,9.0
-10.066,0.0,139.939,212800.0,9.0
-8.026,1.0,115.884,190779.0,7.0
-6.441,0.0,73.352,233966.0,5.0
-3.628,1.0,146.0,201733.0,3.0
-8.898,1.0,79.291,198027.0,3.0
-9.215,1.0,128.079,135381.0,0.0
-12.92,1.0,89.48,181442.0,9.0
-9.734,1.0,155.305,166855.0,1.0
-3.262,1.0,123.722,223334.0,4.0
-11.169,1.0,131.182,156547.0,5.0
-7.123,1.0,124.963,201869.0,2.0
-2.752,0.0,114.019,211987.0,3.0
-6.167,0.0,124.993,213240.0,2.0
-5.037,1.0,135.04,172325.0,6.0
-5.224,0.0,116.953,207813.0,2.0
-7.692,0.0,125.994,147126.0,2.0
-7.571,1.0,85.98,197597.0,6.0
-8.423,1.0,132.0,219954.0,3.0
-7.222,1.0,180.917,215507.0,7.0
-4.684,1.0,112.963,160380.0,8.0
-6.615,1.0,81.031,169280.0,3.0
-14.445,1.0,118.772,264829.0,1.0
-6.557,1.0,144.042,197120.0,3.0
-6.416,0.0,125.948,315773.0,0.0
-7.633,1.0,138.016,160052.0,0.0
-3.742,0.0,141.776,240000.0,2.0
-7.521,1.0,76.098,256880.0,8.0
-9.744,1.0,120.151,257800.0,8.0
-4.972,1.0,140.009,167096.0,7.0
-6.627,0.0,99.933,167066.0,7.0
-4.188,1.0,152.598,201240.0,6.0
-9.069,1.0,126.997,166299.0,2.0
-4.965,1.0,177.997,284493.0,0.0
-9.436,1.0,139.905,307547.0,4.0
-4.021,1.0,145.101,203392.0,5.0
-8.532,1.0,134.123,244590.0,9.0
-6.485,0.0,76.285,233070.0,1.0
-7.325,0.0,144.929,226362.0,0.0
-5.906,1.0,144.774,168840.0,8.0
-7.671,0.0,114.956,448974.0,9.0
-9.265,0.0,87.954,227115.0,4.0
-3.787,0.0,102.977,203064.0,7.0
-9.15,0.0,126.007,289539.0,2.0
-6.596,1.0,60.045,245427.0,1.0
-4.503,1.0,105.008,184919.0,2.0
-4.41,0.0,114.044,199054.0,7.0
-3.002,0.0,127.019,202205.0,2.0
-7.188,1.0,151.212,184549.0,8.0
-9.016,0.0,83.97,160191.0,7.0
-7.59,0.0,112.96,313573.0,0.0
-11.808,1.0,84.159,175027.0,5.0
-9.543,1.0,94.036,242553.0,9.0
-13.662,1.0,104.404,272373.0,4.0
-7.414,0.0,106.002,230965.0,1.0
-10.294,1.0,164.976,238176.0,5.0
-4.937,0.0,122.023,149722.0,2.0
-6.149,1.0,88.934,222093.0,6.0
-5.64,1.0,140.004,226901.0,3.0
-11.138,0.0,129.423,172693.0,4.0
-5.676,1.0,118.495,309323.0,0.0
-8.732,1.0,100.951,183413.0,3.0
-13.661,1.0,138.176,356093.0,9.0
-8.706,1.0,117.991,195252.0,7.0
-9.479,0.0,142.037,175775.0,7.0
-7.178,1.0,123.977,201334.0,7.0
-5.338,0.0,173.93,167303.0,7.0
-6.43,0.0,165.84,175329.0,1.0
-4.904,1.0,130.028,192540.0,0.0
-11.315,1.0,120.154,269133.0,9.0
-1.875,1.0,160.031,194787.0,4.0
-3.285,1.0,103.031,187682.0,7.0
-12.334,0.0,119.225,589800.0,9.0
-14.08,0.0,124.001,199931.0,7.0
-4.494,1.0,82.006,193929.0,3.0
-5.558,1.0,144.445,193279.0,1.0
-3.939,1.0,101.025,232364.0,1.0
-11.798,0.0,114.264,178925.0,9.0
-7.076,0.0,145.765,178994.0,7.0
-2.902,0.0,129.903,124096.0,2.0
-8.455,1.0,77.415,244187.0,6.0
-12.215,1.0,97.062,145827.0,5.0
-8.394,1.0,140.723,246000.0,3.0
-11.225,1.0,117.928,246800.0,8.0
-8.136,1.0,101.913,193187.0,6.0
-4.406,1.0,169.967,159747.0,8.0
-7.034,1.0,100.015,245315.0,6.0
-7.298,1.0,76.295,191160.0,5.0
-4.777,1.0,106.952,257360.0,3.0
-3.637,1.0,104.365,155668.0,3.0
-8.918,1.0,91.572,210113.0,6.0
-5.762,1.0,97.953,140665.0,7.0
-7.437,1.0,159.875,216161.0,1.0
-13.155,1.0,112.162,241747.0,6.0
-9.043,1.0,116.361,223240.0,6.0
-6.395,1.0,131.912,207974.0,7.0
-7.475,0.0,138.64,243133.0,9.0
-9.935,1.0,91.844,238640.0,8.0
-9.243,0.0,159.945,218205.0,0.0
-9.584,1.0,89.839,145867.0,8.0
-8.868,1.0,121.699,376347.0,9.0
-8.741,1.0,99.765,262520.0,6.0
-9.805,0.0,106.703,174000.0,1.0
-5.372,0.0,160.036,206772.0,7.0
-7.803,1.0,103.77,244240.0,3.0
-5.407,0.0,172.012,319114.0,2.0
-8.756,1.0,142.296,258061.0,3.0
-9.456,0.0,176.081,289694.0,5.0
-10.086,1.0,75.801,208687.0,7.0
-7.489,0.0,143.243,135133.0,9.0
-5.797,0.0,139.98,170813.0,7.0
-3.418,1.0,152.049,151107.0,8.0
-6.465,0.0,90.029,201320.0,5.0
-6.305,0.0,108.966,191822.0,7.0
-8.103,0.0,136.087,248701.0,1.0
-5.971,0.0,103.081,207413.0,1.0
-7.818,0.0,73.163,147107.0,4.0
-8.084,1.0,123.183,172800.0,8.0
-6.565,1.0,160.021,196905.0,8.0
-12.049,0.0,82.433,482830.0,8.0
-5.301,1.0,124.977,198015.0,7.0
-8.544,1.0,97.23,240822.0,6.0
-8.216,1.0,136.078,236615.0,0.0
-6.094,1.0,95.011,142216.0,9.0
-10.028,1.0,124.011,309677.0,2.0
-7.886,1.0,136.014,196055.0,6.0
-9.74,0.0,131.036,146520.0,0.0
-5.495,1.0,145.007,205760.0,5.0
-11.72,1.0,126.978,159010.0,2.0
-11.485,0.0,79.044,295000.0,9.0
-7.162,1.0,103.997,176417.0,7.0
-13.118,0.0,110.611,230375.0,9.0
-7.858,0.0,165.977,162817.0,2.0
-8.673,1.0,78.335,185333.0,5.0
-8.142,1.0,112.965,277733.0,4.0
-6.667,1.0,78.477,235535.0,0.0
-4.802,0.0,88.014,170134.0,8.0
-8.431,1.0,83.933,187307.0,3.0
-11.6,0.0,103.032,267213.0,9.0
-2.967,1.0,157.925,222739.0,8.0
-6.976,0.0,99.986,127822.0,0.0
-3.703,0.0,106.001,181666.0,0.0
-6.067,0.0,141.991,175954.0,0.0
-7.509,1.0,113.321,192000.0,5.0
-10.679,0.0,123.946,291624.0,9.0
-6.164,1.0,85.486,213358.0,0.0
-13.485,1.0,78.392,273936.0,9.0
-6.056,0.0,170.978,214945.0,6.0
-5.796,1.0,85.004,191360.0,3.0
-8.452,0.0,135.401,144469.0,9.0
-6.739,1.0,119.912,160398.0,1.0
-8.301,1.0,74.8,282522.0,6.0
-8.406,1.0,130.002,313133.0,9.0
-8.74,1.0,138.178,295533.0,7.0
-7.995,1.0,77.052,157253.0,5.0
-4.971,0.0,124.013,274760.0,0.0
-7.559,0.0,144.986,214728.0,0.0
-3.522,1.0,152.143,195662.0,8.0
-3.8,1.0,156.077,187433.0,3.0
-5.05,1.0,127.986,201621.0,4.0
-14.83,1.0,178.501,196129.0,1.0
-16.204,1.0,102.597,515000.0,4.0
-9.173,1.0,156.339,248547.0,9.0
-9.117,1.0,140.793,433773.0,9.0
-11.944,0.0,97.18,285705.0,9.0
-8.483,0.0,53.905,230360.0,4.0
-3.358,0.0,73.534,238019.0,2.0
-6.318,0.0,120.057,321000.0,9.0
-6.189,1.0,123.039,186141.0,2.0
-6.787,0.0,79.946,235479.0,4.0
-9.249,1.0,117.64,227693.0,7.0
-9.086,0.0,140.037,181393.0,0.0
-7.51,1.0,127.002,166399.0,2.0
-6.436,1.0,73.903,214416.0,3.0
-8.948,1.0,133.954,310720.0,0.0
-5.146,1.0,169.983,169412.0,0.0
-3.225,1.0,147.045,218284.0,0.0
-7.094,0.0,136.981,238360.0,2.0
-8.286,1.0,129.015,358008.0,2.0
-11.088,0.0,199.891,182400.0,1.0
-7.659,0.0,107.494,160290.0,3.0
-10.625,1.0,79.498,252812.0,5.0
-11.517,0.0,127.977,230547.0,2.0
-5.372,0.0,102.991,155308.0,0.0
-3.401,1.0,161.944,168253.0,8.0
-8.072,0.0,155.925,289533.0,7.0
-6.752,1.0,127.532,228795.0,4.0
-4.614,0.0,180.13,196201.0,5.0
-7.259,1.0,108.038,225053.0,7.0
-4.75,1.0,96.51,237493.0,0.0
-5.461,1.0,113.111,151515.0,6.0
-8.69,0.0,112.852,167600.0,5.0
-6.766,0.0,127.001,230946.0,2.0
-7.915,0.0,100.018,173942.0,7.0
-6.293,0.0,78.015,234613.0,5.0
-2.423,0.0,166.02,216860.0,8.0
-9.835,1.0,150.045,245679.0,5.0
-5.324,1.0,124.985,168990.0,2.0
-5.079,0.0,107.917,271452.0,9.0
-4.973,0.0,165.087,268921.0,8.0
-6.558,1.0,76.635,213200.0,5.0
-6.399,0.0,112.073,265189.0,4.0
-4.632,1.0,144.007,184823.0,3.0
-7.419,0.0,130.16,196658.0,0.0
-7.036,1.0,129.062,244973.0,7.0
-6.533,1.0,125.713,202693.0,3.0
-7.268,1.0,113.439,236520.0,8.0
-6.849,0.0,128.026,242573.0,2.0
-8.25,1.0,120.01,245008.0,9.0
-6.221,1.0,121.041,199091.0,2.0
-4.881,0.0,135.653,231933.0,8.0
-11.782,1.0,106.773,541293.0,9.0
-8.818,0.0,98.363,354638.0,9.0
-3.215,1.0,105.048,187364.0,8.0
-5.99,1.0,105.957,168667.0,0.0
-7.047,1.0,128.413,152080.0,5.0
-6.434,1.0,166.376,184773.0,5.0
-3.814,1.0,181.985,231604.0,5.0
-7.277,1.0,139.971,116571.0,1.0
-9.616,1.0,83.293,264504.0,8.0
-3.688,0.0,106.021,181666.0,7.0
-10.182,0.0,166.253,175850.0,1.0
-7.904,0.0,119.949,216853.0,4.0
-6.389,0.0,162.47,195468.0,9.0
-8.286,1.0,125.007,230400.0,2.0
-7.295,1.0,176.829,275853.0,4.0
-7.533,1.0,169.534,220880.0,8.0
-9.407,0.0,82.108,249560.0,3.0
-7.415,0.0,123.991,225495.0,2.0
-6.084,1.0,78.002,261080.0,5.0
-5.838,1.0,115.0,254181.0,3.0
-12.465,1.0,96.166,463133.0,9.0
-10.337,1.0,118.026,411760.0,9.0
-6.233,0.0,106.991,164867.0,8.0
-7.646,1.0,169.989,234678.0,6.0
-7.122,1.0,161.689,203606.0,1.0
-3.681,0.0,91.033,218521.0,8.0
-7.81,0.0,94.098,184013.0,1.0
-3.831,0.0,75.701,250920.0,0.0
-8.163,1.0,113.034,282046.0,6.0
-6.37,1.0,125.999,233837.0,2.0
-9.496,1.0,100.042,230400.0,1.0
-8.097,0.0,127.011,273300.0,2.0
-4.162,1.0,160.064,206277.0,8.0
-15.099,1.0,102.128,219147.0,7.0
-8.651,1.0,159.893,163853.0,5.0
-7.124,0.0,118.66,254507.0,4.0
-10.313,1.0,123.018,227539.0,4.0
-7.259,1.0,124.003,286452.0,2.0
-8.401,1.0,79.466,152750.0,1.0
-9.258,1.0,81.806,287000.0,8.0
-10.392,1.0,89.953,231800.0,6.0
-8.193,0.0,131.965,246213.0,0.0
-5.925,0.0,169.893,145412.0,5.0
-5.617,1.0,85.026,171360.0,7.0
-8.592,1.0,76.744,177067.0,4.0
-4.48,1.0,109.031,209493.0,1.0
-12.93,0.0,89.573,181745.0,9.0
-8.332,1.0,81.973,198840.0,8.0
-9.717,1.0,85.126,313840.0,8.0
-3.698,0.0,138.94,272957.0,5.0
-6.567,1.0,152.041,245526.0,5.0
-6.075,0.0,88.014,351253.0,4.0
-10.979,0.0,118.033,271952.0,9.0
-9.477,0.0,139.994,182080.0,7.0
-8.17,1.0,91.088,174147.0,3.0
-5.361,1.0,76.679,252160.0,3.0
-10.96,1.0,93.405,271333.0,8.0
-8.109,1.0,149.497,249658.0,9.0
-11.641,1.0,99.734,298197.0,9.0
-8.309,1.0,78.603,236880.0,6.0
-7.605,1.0,89.306,133240.0,5.0
-5.993,0.0,139.048,132707.0,1.0
-8.097,0.0,161.871,184500.0,6.0
-10.421,1.0,124.193,382834.0,8.0
-7.013,1.0,120.057,212760.0,6.0
-3.893,1.0,120.09,160500.0,8.0
-12.625,0.0,137.314,156798.0,7.0
-5.071,1.0,79.948,186480.0,7.0
-5.38,0.0,124.988,273012.0,1.0
-8.067,1.0,74.004,237800.0,3.0
-6.389,1.0,77.045,245072.0,1.0
-6.056,0.0,164.035,239067.0,5.0
-6.297,1.0,121.979,202406.0,7.0
-6.606,1.0,147.976,170270.0,0.0
-6.289,1.0,144.037,231341.0,6.0
-6.755,1.0,144.162,181307.0,4.0
-7.566,1.0,140.032,231231.0,0.0
-10.029,0.0,80.985,202407.0,9.0
-5.833,1.0,143.866,212667.0,3.0
-8.455,0.0,123.993,342053.0,2.0
-8.701,1.0,159.963,168987.0,0.0
-13.766,1.0,117.993,255148.0,3.0
-10.932,1.0,173.027,212680.0,6.0
-7.197,0.0,144.013,154881.0,0.0
-6.148,1.0,144.041,247468.0,1.0
-6.987,1.0,170.846,201213.0,5.0
-7.135,1.0,137.836,255533.0,6.0
-10.918,1.0,147.195,239773.0,6.0
-4.931,0.0,97.047,162848.0,1.0
-7.521,0.0,124.022,320993.0,2.0
-4.504,1.0,94.003,261427.0,7.0
-5.034,0.0,128.998,182326.0,2.0
-8.943,1.0,129.039,223258.0,7.0
-8.58,1.0,127.969,238125.0,2.0
-9.506,0.0,104.956,167227.0,4.0
-7.885,1.0,100.607,229227.0,7.0
-13.675,1.0,98.282,180453.0,4.0
-7.466,1.0,190.958,193888.0,0.0
-4.704,1.0,127.002,158766.0,2.0
-7.188,0.0,138.008,157777.0,0.0
-7.968,1.0,145.722,199500.0,0.0
-11.529,1.0,140.875,223840.0,3.0
-4.108,0.0,172.073,359800.0,0.0
-4.171,1.0,136.759,197517.0,1.0
-9.586,1.0,123.999,278710.0,2.0
-9.082,1.0,169.027,251373.0,3.0
-4.77,1.0,119.976,154983.0,7.0
-10.755,1.0,120.163,404120.0,9.0
-7.582,1.0,158.037,231359.0,6.0
-9.803,1.0,80.823,266720.0,8.0
-5.7,1.0,137.828,222680.0,6.0
-6.794,0.0,145.805,241644.0,0.0
-4.832,0.0,123.019,210053.0,4.0
-4.432,1.0,134.943,209778.0,1.0
-8.071,0.0,123.92,253787.0,2.0
-9.011,1.0,124.763,242235.0,9.0
-8.608,0.0,78.381,269287.0,3.0
-4.695,1.0,91.912,289960.0,3.0
-6.248,0.0,81.396,251573.0,0.0
-9.41,1.0,155.885,228720.0,6.0
-4.196,0.0,118.068,242000.0,2.0
-13.103,0.0,96.964,211000.0,9.0
-7.275,0.0,117.399,207267.0,8.0
-6.008,0.0,125.008,168000.0,2.0
-7.141,1.0,176.188,202453.0,1.0
-5.462,1.0,160.021,187259.0,3.0
-6.443,0.0,125.031,153600.0,0.0
-8.304,1.0,121.003,167680.0,3.0
-3.809,1.0,149.008,98219.0,0.0
-6.776,0.0,78.965,175510.0,6.0
-7.813,1.0,158.351,280827.0,6.0
-10.118,1.0,119.936,390267.0,9.0
-5.569,0.0,102.0,259453.0,7.0
-6.94,1.0,136.862,212884.0,3.0
-4.464,1.0,133.947,146866.0,2.0
-6.456,1.0,95.968,193898.0,6.0
-13.402,1.0,108.143,215800.0,4.0
-8.556,0.0,99.381,154800.0,1.0
-7.632,0.0,84.018,204286.0,0.0
-10.414,1.0,132.98,208800.0,6.0
-5.539,1.0,126.008,241194.0,6.0
-4.531,1.0,127.994,266250.0,2.0
-9.474,1.0,134.943,208701.0,4.0
-6.551,0.0,120.98,182479.0,2.0
-9.18,0.0,121.864,258467.0,8.0
-9.122,1.0,133.364,174840.0,5.0
-13.6,1.0,151.727,271000.0,8.0
-9.054,1.0,153.969,279326.0,1.0
-5.623,1.0,139.931,203373.0,3.0
-16.925,1.0,112.986,316667.0,4.0
-9.799,1.0,176.814,217013.0,5.0
-9.431,1.0,78.993,238250.0,5.0
-7.245,0.0,85.091,170017.0,5.0
-13.454,1.0,73.304,275267.0,4.0
-5.861,0.0,140.836,201238.0,4.0
-7.983,0.0,110.74,208402.0,6.0
-6.997,0.0,128.036,240938.0,2.0
-4.965,0.0,151.971,309175.0,4.0
-8.691,1.0,126.02,239865.0,7.0
-5.761,1.0,134.042,154840.0,4.0
-6.231,1.0,135.027,511400.0,8.0
-7.784,1.0,140.058,192000.0,9.0
-5.425,0.0,124.004,149456.0,2.0
-4.728,1.0,133.113,259227.0,4.0
-5.61,1.0,89.974,209280.0,3.0
-5.429,0.0,80.967,194374.0,1.0
-12.661,0.0,133.945,211455.0,4.0
-3.067,0.0,75.99,173508.0,4.0
-13.475,1.0,109.837,303200.0,8.0
-9.237,1.0,116.063,378147.0,8.0
-6.093,1.0,126.062,220000.0,2.0
-6.018,1.0,147.91,201639.0,3.0
-8.083,1.0,141.966,206720.0,6.0
-7.276,1.0,80.09,196008.0,3.0
-10.727,0.0,94.522,204160.0,9.0
-8.56,0.0,163.503,262748.0,8.0
-7.746,0.0,112.973,165787.0,1.0
-6.457,1.0,119.096,201053.0,9.0
-7.554,0.0,139.979,250286.0,1.0
-7.209,1.0,91.019,189486.0,7.0
-9.443,0.0,104.001,184587.0,1.0
-6.102,0.0,127.085,221220.0,2.0
-19.952,1.0,169.254,188160.0,4.0
-2.42,1.0,106.002,290560.0,4.0
-8.55,0.0,141.466,308120.0,8.0
-6.885,1.0,149.981,257848.0,7.0
-6.936,1.0,85.998,194667.0,3.0
-5.503,1.0,120.0,169434.0,2.0
-7.292,1.0,176.838,275853.0,4.0
-3.502,0.0,99.499,254000.0,4.0
-7.544,1.0,104.662,201294.0,3.0
-7.07,1.0,143.969,183087.0,3.0
-7.148,0.0,125.99,200120.0,2.0
-6.171,1.0,108.44,272693.0,4.0
-5.713,0.0,178.995,243541.0,8.0
-6.686,1.0,123.98,196160.0,6.0
-4.403,1.0,161.94,382455.0,6.0
-4.421,1.0,119.954,160949.0,0.0
-5.8,1.0,83.226,349600.0,0.0
-8.874,0.0,150.167,400171.0,9.0
-17.273,1.0,119.946,470324.0,9.0
-9.555,1.0,138.024,273152.0,9.0
-12.215,1.0,89.935,220199.0,1.0
-7.959,1.0,164.714,226570.0,9.0
-5.54,1.0,147.225,154253.0,5.0
-5.958,1.0,81.46,228708.0,6.0
-7.569,1.0,81.907,248781.0,5.0
-4.819,0.0,126.033,160015.0,2.0
-9.871,0.0,108.025,334360.0,0.0
-4.902,0.0,123.992,177898.0,2.0
-4.437,1.0,91.077,182620.0,4.0
-7.234,0.0,125.944,199960.0,1.0
-9.897,1.0,126.879,266200.0,8.0
-10.309,0.0,124.023,464516.0,2.0
-17.621,0.0,123.56,303827.0,9.0
-6.818,1.0,119.96,290064.0,1.0
-3.675,1.0,99.048,207133.0,7.0
-13.641,1.0,85.111,207187.0,5.0
-9.85,1.0,129.004,213233.0,1.0
-5.177,1.0,90.004,190480.0,7.0
-6.822,1.0,130.203,164203.0,7.0
-6.552,1.0,94.05,291615.0,6.0
-5.219,0.0,107.338,212600.0,4.0
-9.302,1.0,84.689,201200.0,5.0
-5.442,0.0,95.258,303593.0,3.0
-15.374,0.0,130.26,419827.0,9.0
-6.832,1.0,112.022,158571.0,7.0
-6.64,1.0,82.954,219787.0,1.0
-8.684,1.0,139.46,252533.0,8.0
-9.428,1.0,108.23,333989.0,4.0
-5.051,1.0,113.225,181093.0,7.0
-11.277,0.0,159.236,187904.0,9.0
-7.764,1.0,81.217,198519.0,5.0
-3.678,0.0,114.071,165265.0,7.0
-9.224,1.0,148.4,343789.0,4.0
-11.426,0.0,141.345,227751.0,4.0
-7.498,1.0,90.271,162632.0,1.0
-6.13,1.0,158.987,121093.0,5.0
-6.783,1.0,97.044,121165.0,1.0
-6.778,1.0,131.524,174728.0,1.0
-12.505,1.0,99.991,197640.0,6.0
-17.684,1.0,154.079,254093.0,9.0
-9.49,1.0,81.125,179293.0,5.0
-5.95,1.0,141.973,211268.0,5.0
-4.67,1.0,92.125,293215.0,3.0
-5.82,1.0,110.059,167533.0,3.0
-8.421,1.0,160.019,239703.0,9.0
-6.785,0.0,136.362,217267.0,8.0
-5.965,0.0,163.368,262452.0,5.0
-8.298,1.0,80.004,186627.0,1.0
-7.612,1.0,103.134,142819.0,6.0
-8.628,1.0,94.054,183387.0,4.0
-7.385,0.0,101.394,308814.0,4.0
-6.938,1.0,126.006,268867.0,2.0
-9.109,0.0,93.467,249773.0,1.0
-6.927,0.0,130.001,211385.0,2.0
-9.222,1.0,78.558,180387.0,0.0
-6.929,1.0,120.003,208970.0,4.0
-7.93,0.0,105.027,200947.0,6.0
-3.728,1.0,82.538,141091.0,8.0
-14.174,1.0,116.032,293867.0,6.0
-9.625,0.0,122.656,367533.0,4.0
-2.983,1.0,124.041,174215.0,7.0
-2.708,0.0,154.187,144935.0,0.0
-11.106,1.0,100.979,291826.0,6.0
-3.59,1.0,120.023,139616.0,2.0
-4.56,0.0,127.952,225000.0,2.0
-5.771,1.0,110.985,168873.0,0.0
-4.673,0.0,128.043,228799.0,2.0
-7.697,1.0,130.367,214293.0,7.0
-9.128,1.0,127.021,198670.0,1.0
-8.728,1.0,102.885,266053.0,6.0
-15.099,1.0,123.994,275280.0,7.0
-9.87,0.0,90.272,215000.0,7.0
-10.408,1.0,113.064,195368.0,1.0
-6.429,1.0,129.977,182765.0,2.0
-5.871,1.0,72.997,325106.0,1.0
-6.71,1.0,97.004,240347.0,5.0
-4.588,1.0,120.063,202920.0,3.0
-22.206,0.0,95.446,338306.0,9.0
-5.874,1.0,128.002,122064.0,0.0
-7.429,0.0,112.968,234496.0,4.0
-8.134,0.0,119.989,180563.0,7.0
-2.65,1.0,102.972,181991.0,3.0
-11.689,1.0,126.877,163311.0,3.0
-4.844,1.0,149.068,158000.0,0.0
-5.27,1.0,108.9,170813.0,8.0
-9.515,0.0,84.004,165320.0,1.0
-12.124,1.0,83.89,314174.0,3.0
-7.348,0.0,130.038,165213.0,6.0
-9.236,1.0,92.049,153913.0,9.0
-7.355,1.0,71.994,386907.0,0.0
-8.696,1.0,109.085,239805.0,6.0
-21.57,1.0,103.251,192707.0,4.0
-7.116,1.0,76.993,217120.0,3.0
-4.101,1.0,74.993,200371.0,5.0
-11.211,1.0,91.652,169998.0,4.0
-10.511,1.0,89.994,201921.0,4.0
-8.696,0.0,111.962,202388.0,3.0
-5.618,1.0,126.018,220952.0,2.0
-4.777,0.0,98.039,241800.0,6.0
-7.683,1.0,113.256,272347.0,6.0
-5.242,0.0,139.938,171429.0,2.0
-6.144,1.0,196.142,156947.0,3.0
-8.635,0.0,133.671,189921.0,1.0
-6.053,1.0,107.992,284009.0,5.0
-9.512,1.0,155.705,203037.0,1.0
-3.784,0.0,89.951,175773.0,4.0
-8.044,0.0,111.997,193027.0,0.0
-19.013,0.0,100.648,269857.0,9.0
-6.803,1.0,82.748,242720.0,8.0
-16.548,1.0,155.547,200240.0,3.0
-10.96,1.0,73.949,249533.0,5.0
-9.389,1.0,124.148,169266.0,7.0
-5.572,1.0,145.008,257267.0,0.0
-7.472,1.0,127.999,249494.0,7.0
-5.292,1.0,79.512,270695.0,5.0
-6.946,1.0,115.023,198120.0,6.0
-6.899,1.0,126.023,213000.0,0.0
-6.805,1.0,82.992,251413.0,0.0
-7.415,0.0,167.935,232000.0,5.0
-6.694,1.0,143.934,244185.0,5.0
-6.844,0.0,140.394,445533.0,4.0
-5.001,1.0,86.033,180815.0,3.0
-11.073,1.0,131.577,255600.0,4.0
-4.188,1.0,132.019,211167.0,7.0
-7.066,1.0,135.811,296467.0,8.0
-7.724,0.0,171.853,268187.0,0.0
-6.165,1.0,176.915,220880.0,4.0
-5.908,1.0,128.153,214405.0,3.0
-9.129,1.0,118.402,228707.0,7.0
-6.645,0.0,154.132,199520.0,0.0
-5.678,1.0,188.386,255493.0,8.0
-5.563,1.0,147.117,168743.0,3.0
-4.654,0.0,96.004,192484.0,4.0
-4.236,1.0,97.546,178000.0,8.0
-8.958,0.0,140.051,249444.0,1.0
-5.787,0.0,124.618,429760.0,8.0
-6.362,1.0,152.875,295466.0,8.0
-4.339,1.0,92.538,211198.0,8.0
-8.888,0.0,148.96,188327.0,9.0
-18.49,0.0,124.334,415802.0,9.0
-5.165,1.0,136.865,232512.0,5.0
-4.549,1.0,127.042,177689.0,7.0
-11.641,1.0,87.155,434693.0,4.0
-6.711,1.0,96.082,138018.0,9.0
-5.094,0.0,142.936,189175.0,1.0
-6.714,1.0,130.045,203213.0,2.0
-9.997,0.0,109.996,227613.0,5.0
-5.889,0.0,109.051,295776.0,3.0
-9.578,1.0,186.491,198800.0,3.0
-6.788,1.0,156.042,230973.0,3.0
-8.749,0.0,103.974,207921.0,1.0
-4.328,1.0,129.982,167507.0,0.0
-12.211,0.0,89.858,234736.0,9.0
-6.178,1.0,134.981,175163.0,2.0
-7.844,1.0,144.95,251747.0,6.0
-7.206,1.0,80.482,196893.0,6.0
-7.438,0.0,174.22,213093.0,4.0
-4.381,0.0,119.385,184216.0,1.0
-10.389,0.0,90.098,372213.0,9.0
-3.333,1.0,135.981,224179.0,8.0
-8.828,1.0,127.984,285240.0,0.0
-7.246,1.0,109.535,286220.0,8.0
-7.339,1.0,97.625,128024.0,0.0
-6.885,1.0,143.049,135264.0,7.0
-5.958,1.0,123.899,164347.0,3.0
-7.049,0.0,73.986,149538.0,8.0
-8.529,1.0,82.03,197443.0,1.0
-9.946,1.0,116.022,251507.0,9.0
-6.474,1.0,91.617,231616.0,1.0
-7.63,1.0,88.865,208720.0,3.0
-9.418,1.0,79.792,293862.0,3.0
-5.68,1.0,105.238,207320.0,4.0
